guid,name,stack,contact
9264f8ed-77a7-483d-b011-2525d19f2ba8,01.inbox,,
c6fe3aaf-82a4-439d-b81e-f78108b811bb,00.随手记,,
7b1f6539-f5aa-474d-a882-1376238a1867,21.已读文章,,
8692b1a1-d30c-484c-92fe-849db15985d2,游戏要认真,99.归档笔记本,
07517255-87b4-4a8d-8218-9fd307456065,39.备忘录,99.归档笔记本,
a8a141fd-d5fc-40e9-a6c6-3ab5db79409a,02.vip to read,,
ff02f1d1-9e4e-49f0-a26c-f525fd299d59,31.总结与计划,99.归档笔记本,
925bb7d1-45fd-473f-bb3a-1d044f77f4c7,32.随笔,99.归档笔记本,
b3127e41-e14e-4561-9f68-f838ec75debe,23.ideas,,
d58c2f73-e9be-47ba-9998-4b78b38554a5,33.技术写作,99.归档笔记本,
315a7a80-0913-45c9-9cbb-8b0ec6757486,22.记录,,
0671f96d-a5a7-4cbd-b52e-9c2be916585d,娱乐文章-金莎,99.归档笔记本,
c315f405-1c46-4081-a3ec-2a578f3b49f1,清剿党外资本,99.归档笔记本,
